id,fileName,alt,tags,width,height,ratio,fileNameHistory
1,piedweb-logo.png,"Pied Web Logo",,2000,2000,1,
2,1.jpg,"Demo 1",,1024,1024,1,
3,2.jpg,"Demo 2",,1024,1024,1,
4,3.jpg,"Demo 3",,1022,681,1.5,
5,logo.svg,"SVG Logo",,1000,1000,1,
6,test.pdf,"test.pdf - 69904ff847517",,,,,
7,admin-blockeditor.png,"admin-blockeditor.png - 69904ff8ee19b",,1280,800,1.6,
8,admin-pagelist.png,"admin-pagelist.png - 69904ff8ef4c1",,1280,720,1.78,
9,altimood.png,"altimood.png - 69904ff8efec7",,1280,720,1.78,
10,editorjs.svg,"editorjs.svg - 69904ff8f0878",,,,,
11,piedvert.png,"piedvert.png - 69904ff8f0c5b",,1280,720,1.78,
12,piedweb.png,"piedweb.png - 69904ff8f1752",,1280,720,1.78,
13,sonata.svg,"sonata.svg - 69904ff8f221e",,,,,
14,symfony.svg,"symfony.svg - 69904ff8f2591",,,,,
15,tailwind.svg,"tailwind.svg - 69904ff8f291b",,,,,
